<?xml version="1.0" encoding="UTF-8" standalone="yes"?>
<container>
    <orgId>1000213897</orgId>
    <anonym>false</anonym>
    <community>false</community>
    <connectionsWidgetUsed>false</connectionsWidgetUsed>
    <flyout>false</flyout>
    <id>87472</id>
    <lastModified>1521460450588</lastModified>
    <modifier>1000218125</modifier>
    <name>bCard</name>
    <readRestricted>false</readRestricted>
    <selectedTemplate>
        <columns>0</columns>
        <id>122</id>
        <name>/templates/Layout22.html</name>
        <selected>false</selected>
        <templateId>22</templateId>
        <title>Layout22</title>
    </selectedTemplate>
    <showactivitystream>false</showactivitystream>
    <showrightcol>false</showrightcol>
    <template>false</template>
    <templateContainerId>4212</templateContainerId>
    <text>bCard</text>
    <title>Business Card</title>
    <widget>
        <orgId>1000213897</orgId>
        <componentType>gadget</componentType>
        <contentStream>
            <attributeName>prof_surname</attributeName>
            <entry>
                <id>88633</id>
                <index>0</index>
                <showAllPosts>true</showAllPosts>
                <showFolder>false</showFolder>
                <srcContainerId>[Select]</srcContainerId>
                <value>Default</value>
            </entry>
            <id>88579</id>
            <index>0</index>
            <itemCount>-1</itemCount>
            <name></name>
            <pageSize>-1</pageSize>
        </contentStream>
        <contentType>wiki</contentType>
        <definitionUrl></definitionUrl>
        <height>auto</height>
        <id>88762</id>
        <layout></layout>
        <layoutType>top</layoutType>
        <locked>false</locked>
        <name>Navigation</name>
        <page>bCard</page>
        <personalized>false</personalized>
        <position>-1</position>
        <showLikesAndComments>false</showLikesAndComments>
        <title></title>
        <visible>true</visible>
        <width>auto</width>
        <xccIndex>-1</xccIndex>
    </widget>
    <widget>
        <orgId>1000213897</orgId>
        <contentStream>
            <attributeName>prof_surname</attributeName>
            <entry>
                <id>88649</id>
                <index>0</index>
                <showAllPosts>true</showAllPosts>
                <showFolder>false</showFolder>
                <srcContainerId>[Select]</srcContainerId>
                <value>Default</value>
            </entry>
            <id>88595</id>
            <index>0</index>
            <itemCount>-1</itemCount>
            <name></name>
            <pageSize>-1</pageSize>
        </contentStream>
        <contentType>Lab Navigation</contentType>
        <height>auto</height>
        <id>88779</id>
        <layout></layout>
        <layoutType>listed</layoutType>
        <locked>false</locked>
        <name>lnav</name>
        <page>cloud</page>
        <personalized>false</personalized>
        <position>-1</position>
        <showLikesAndComments>false</showLikesAndComments>
        <title></title>
        <visible>true</visible>
        <xccIndex>0</xccIndex>
    </widget>
</container>
