<?xml version="1.0" encoding="UTF-8" standalone="yes"?>
<container>
    <orgId>1000213897</orgId>
    <anonym>false</anonym>
    <community>false</community>
    <connectionsWidgetUsed>false</connectionsWidgetUsed>
    <cssFile>
        <orgId>1000213897</orgId>
        <backupIndex>0</backupIndex>
        <created>1513695007674</created>
        <creator></creator>
        <id>11102</id>
        <isBackup>false</isBackup>
        <lastModified>1513695007674</lastModified>
        <lastModifier></lastModifier>
        <length>0</length>
        <name>custom.css</name>
    </cssFile>
    <flyout>false</flyout>
    <id>94855</id>
    <lastModified>1521665462636</lastModified>
    <modifier>1000218125</modifier>
    <name>cssGrid</name>
    <readRestricted>false</readRestricted>
    <selectedTemplate>
        <columns>0</columns>
        <id>113</id>
        <name>/templates/Layout13.html</name>
        <selected>false</selected>
        <templateId>13</templateId>
        <title>Layout13</title>
    </selectedTemplate>
    <showactivitystream>false</showactivitystream>
    <showrightcol>false</showrightcol>
    <template>false</template>
    <templateContainerId>4212</templateContainerId>
    <text>cssGrid</text>
    <title>CSS Grid</title>
    <widget>
        <orgId>1000213897</orgId>
        <contentStream>
            <attributeName>prof_surname</attributeName>
            <entry>
                <id>92996</id>
                <index>0</index>
                <showAllPosts>true</showAllPosts>
                <showFolder>false</showFolder>
                <srcContainerId>[Select]</srcContainerId>
                <value>Default</value>
            </entry>
            <id>94954</id>
            <index>0</index>
            <itemCount>-1</itemCount>
            <name></name>
            <pageSize>-1</pageSize>
        </contentStream>
        <contentType>Lab Navigation</contentType>
        <height>auto</height>
        <id>94944</id>
        <layout></layout>
        <layoutType>listed</layoutType>
        <locked>false</locked>
        <name>lnav</name>
        <page>cssGrid</page>
        <personalized>false</personalized>
        <position>-1</position>
        <showLikesAndComments>false</showLikesAndComments>
        <title></title>
        <visible>true</visible>
        <xccIndex>-1</xccIndex>
    </widget>
    <widget>
        <orgId>1000213897</orgId>
        <componentType>iWidget</componentType>
        <contentType>lc</contentType>
        <definitionUrl>/Kudos/RankingDisplay.xml</definitionUrl>
        <height>auto</height>
        <id>94945</id>
        <layout></layout>
        <layoutType>listed</layoutType>
        <locked>false</locked>
        <name>Kudos</name>
        <page>cssGrid</page>
        <personalized>false</personalized>
        <position>-1</position>
        <showLikesAndComments>false</showLikesAndComments>
        <title>Kudos</title>
        <visible>true</visible>
        <width>auto</width>
        <xccIndex>-1</xccIndex>
    </widget>
    <widget>
        <orgId>1000213897</orgId>
        <contentType>LAB8498 Navigation</contentType>
        <height>auto</height>
        <id>95264</id>
        <layout></layout>
        <layoutType>listed</layoutType>
        <locked>false</locked>
        <name>LabNavigation</name>
        <page>cloud</page>
        <personalized>false</personalized>
        <position>-1</position>
        <showLikesAndComments>false</showLikesAndComments>
        <title>LabNavigation</title>
        <visible>true</visible>
        <xccIndex>0</xccIndex>
    </widget>
</container>
